<?xml version="1.0" standalone="yes"?>
<NewDataSet>
  <xs:schema id="NewDataSet" xmlns="" xmlns:xs="http://www.w3.org/2001/XMLSchema" xmlns:msdata="urn:schemas-microsoft-com:xml-msdata">
    <xs:element name="NewDataSet" msdata:IsDataSet="true" msdata:MainDataTable="Book" msdata:UseCurrentLocale="true">
      <xs:complexType>
        <xs:choice minOccurs="0" maxOccurs="unbounded">
          <xs:element name="Book">
            <xs:complexType>
              <xs:sequence>
                <xs:element name="BookID" type="xs:string" minOccurs="0" />
                <xs:element name="Title" type="xs:string" minOccurs="0" />
                <xs:element name="Author" type="xs:string" minOccurs="0" />
                <xs:element name="Subject" type="xs:string" minOccurs="0" />
              </xs:sequence>
            </xs:complexType>
          </xs:element>
        </xs:choice>
      </xs:complexType>
    </xs:element>
  </xs:schema>
  <Book>
    <BookID>1</BookID>
    <Title>A Magical Me</Title>
    <Author>Gilderoy Lockheart</Author>
    <Subject>Biography</Subject>
  </Book>
  <Book>
    <BookID>2</BookID>
    <Title>Prolific Potions</Title>
    <Author>Snape</Author>
    <Subject>Fantasy</Subject>
  </Book>
  <Book>
    <BookID>3</BookID>
    <Title>Guide to Flying</Title>
    <Author>Hooch</Author>
    <Subject>Fantasy</Subject>
  </Book>
  <Book>
    <BookID>4</BookID>
    <Title>Captivating Cartography</Title>
    <Author>Flourish</Author>
    <Subject>Fantasy</Subject>
  </Book>
  <Book>
    <BookID>5</BookID>
    <Title>Enchanting Charms</Title>
    <Author>Flitwick</Author>
    <Subject>Fantasy</Subject>
  </Book>
  <Book>
    <BookID>6</BookID>
    <Title>Simple Sorcery</Title>
    <Author>Gilderoy Lockheart</Author>
    <Subject>Fantasy</Subject>
  </Book>
  <Book>
    <BookID>7</BookID>
    <Title>Mind of the Ministry</Title>
    <Author>Cornelius Fudge</Author>
    <Subject>Nonfiction</Subject>
  </Book>
  <Book>
    <BookID>8</BookID>
    <Title>Fantastic Beasts and Where to Find Them</Title>
    <Author>Newt Scamander</Author>
    <Subject>Nonfiction</Subject>
  </Book>
  <Book>
    <BookID>9</BookID>
    <Title>Myths and Monsters</Title>
    <Author>Rascal Boopkins</Author>
    <Subject>Fantasy</Subject>
  </Book>
  <Book>
    <BookID>10</BookID>
    <Title>Interesting Infestations</Title>
    <Author>Sprout</Author>
    <Subject>Fantasy</Subject>
  </Book>
  <Book>
    <BookID>11</BookID>
    <Title>Muddled Medicines</Title>
    <Author>Pomfrey</Author>
    <Subject>Fantasy</Subject>
  </Book>
  <Book>
    <BookID>12</BookID>
    <Title>Dastardly Dark</Title>
    <Author>Quirrell</Author>
    <Subject>Fantasy</Subject>
  </Book>
  <Book>
    <BookID>13</BookID>
    <Title>Tome of Transmutation</Title>
    <Author>McGonagall</Author>
    <Subject>Fantasy</Subject>
  </Book>
  <Book>
    <BookID>14</BookID>
    <Title>Frivolous Floos</Title>
    <Author>Weasley</Author>
    <Subject>Fantasy</Subject>
  </Book>
  <Book>
    <BookID>15</BookID>
    <Title>Sly Spellcraft</Title>
    <Author>Quirrell</Author>
    <Subject>Fantasy</Subject>
  </Book>
  <Book>
    <BookID>16</BookID>
    <Title>Erudite Endeavors</Title>
    <Author>Cornelius Fudge</Author>
    <Subject>Fantasy</Subject>
  </Book>
  <Book>
    <BookID>17</BookID>
    <Title>Wandering Wares</Title>
    <Author>Weasley</Author>
    <Subject>Fantasy</Subject>
  </Book>
  <Book>
    <BookID>18</BookID>
    <Title>Forbidden Forestry</Title>
    <Author>Flich</Author>
    <Subject>Fantasy</Subject>
  </Book>
</NewDataSet>