<?xml version="1.0" standalone="yes"?>
<NewDataSet>
  <xs:schema id="NewDataSet" xmlns="" xmlns:xs="http://www.w3.org/2001/XMLSchema" xmlns:msdata="urn:schemas-microsoft-com:xml-msdata">
    <xs:element name="NewDataSet" msdata:IsDataSet="true" msdata:MainDataTable="Redemptions" msdata:UseCurrentLocale="true">
      <xs:complexType>
        <xs:choice minOccurs="0" maxOccurs="unbounded">
          <xs:element name="Redemptions">
            <xs:complexType>
              <xs:sequence>
                <xs:element name="RedemptionDate" type="xs:string" minOccurs="0" />
                <xs:element name="RedemptionID" type="xs:string" minOccurs="0" />
                <xs:element name="BookID" type="xs:string" minOccurs="0" />
                <xs:element name="BookTitle" type="xs:string" minOccurs="0" />
                <xs:element name="StudentID" type="xs:string" minOccurs="0" />
                <xs:element name="StudentName" type="xs:string" minOccurs="0" />
              </xs:sequence>
            </xs:complexType>
          </xs:element>
        </xs:choice>
      </xs:complexType>
    </xs:element>
  </xs:schema>
  <Redemptions>
    <RedemptionDate>12/January/2019</RedemptionDate>
    <RedemptionID>20190113180640105</RedemptionID>
    <BookID>6</BookID>
    <BookTitle>Simple Sorcery</BookTitle>
    <StudentID>3</StudentID>
    <StudentName>Hermione Granger</StudentName>
  </Redemptions>
  <Redemptions>
    <RedemptionDate>12/January/2019</RedemptionDate>
    <RedemptionID>20190113180652227</RedemptionID>
    <BookID>4</BookID>
    <BookTitle>Captivating Cartography</BookTitle>
    <StudentID>4</StudentID>
    <StudentName>Neville Longbottom</StudentName>
  </Redemptions>
  <Redemptions>
    <RedemptionDate>15/January/2019</RedemptionDate>
    <RedemptionID>20190113180705644</RedemptionID>
    <BookID>6</BookID>
    <BookTitle>Simple Sorcery</BookTitle>
    <StudentID>5</StudentID>
    <StudentName>Dean Thomas</StudentName>
  </Redemptions>
  <Redemptions>
    <RedemptionDate>17/January/2019</RedemptionDate>
    <RedemptionID>20190127155420981</RedemptionID>
    <BookID>5</BookID>
    <BookTitle>Enchanting Charms</BookTitle>
    <StudentID>5</StudentID>
    <StudentName>Dean Thomas</StudentName>
  </Redemptions>
  <Redemptions>
    <RedemptionDate>19/January/2019</RedemptionDate>
    <RedemptionID>20190127155427275</RedemptionID>
    <BookID>2</BookID>
    <BookTitle>Prolific Potions</BookTitle>
    <StudentID>6</StudentID>
    <StudentName>Seamus Finnigan</StudentName>
  </Redemptions>
  <Redemptions>
    <RedemptionDate>21/January/2019</RedemptionDate>
    <RedemptionID>20190127155452707</RedemptionID>
    <BookID>1</BookID>
    <BookTitle>A Magical Me</BookTitle>
    <StudentID>3</StudentID>
    <StudentName>Hermione Granger</StudentName>
  </Redemptions>
  <Redemptions>
    <RedemptionDate>21/January/2019</RedemptionDate>
    <RedemptionID>20190127155458079</RedemptionID>
    <BookID>5</BookID>
    <BookTitle>Enchanting Charms</BookTitle>
    <StudentID>3</StudentID>
    <StudentName>Hermione Granger</StudentName>
  </Redemptions>
  <Redemptions>
    <RedemptionDate>22/January/2019</RedemptionDate>
    <RedemptionID>20190127155502844</RedemptionID>
    <BookID>7</BookID>
    <BookTitle>Mind of the Ministry</BookTitle>
    <StudentID>3</StudentID>
    <StudentName>Hermione Granger</StudentName>
  </Redemptions>
  <Redemptions>
    <RedemptionDate>23/January/2019</RedemptionDate>
    <RedemptionID>20190127155512213</RedemptionID>
    <BookID>4</BookID>
    <BookTitle>Captivating Cartography</BookTitle>
    <StudentID>5</StudentID>
    <StudentName>Dean Thomas</StudentName>
  </Redemptions>
  <Redemptions>
    <RedemptionDate>23/January/2019</RedemptionDate>
    <RedemptionID>20190127175259360</RedemptionID>
    <BookID>5</BookID>
    <BookTitle>Enchanting Charms</BookTitle>
    <StudentID>4</StudentID>
    <StudentName>Neville Longbottom</StudentName>
  </Redemptions>
  <Redemptions>
    <RedemptionDate>28/January/2019</RedemptionDate>
    <RedemptionID>20190127214849292</RedemptionID>
    <BookID>4</BookID>
    <BookTitle>Captivating Cartography</BookTitle>
    <StudentID>1</StudentID>
    <StudentName>Harry Potter</StudentName>
  </Redemptions>
  <Redemptions>
    <RedemptionDate>02/January/2019</RedemptionDate>
    <RedemptionID>128200141767</RedemptionID>
    <BookID>6</BookID>
    <BookTitle>Simple Sorcery</BookTitle>
    <StudentID>5</StudentID>
    <StudentName>Dean Thomas</StudentName>
  </Redemptions>
  <Redemptions>
    <RedemptionDate>04/January/2019</RedemptionDate>
    <RedemptionID>128214522808</RedemptionID>
    <BookID>3</BookID>
    <BookTitle>Guide to Flying</BookTitle>
    <StudentID>12</StudentID>
    <StudentName>Balthusar Sylvestor</StudentName>
  </Redemptions>
  <Redemptions>
    <RedemptionDate>03/February/2019</RedemptionDate>
    <RedemptionID>20190203203520</RedemptionID>
    <BookID>1</BookID>
    <BookTitle>A Magical Me</BookTitle>
    <StudentID>5</StudentID>
    <StudentName>Dean Thomas</StudentName>
  </Redemptions>
  <Redemptions>
    <RedemptionDate>03/February/2019</RedemptionDate>
    <RedemptionID>20190203205524</RedemptionID>
    <BookID>4</BookID>
    <BookTitle>Captivating Cartography</BookTitle>
    <StudentID>5</StudentID>
    <StudentName>Dean Thomas</StudentName>
  </Redemptions>
  <Redemptions>
    <RedemptionDate>03/February/2019</RedemptionDate>
    <RedemptionID>20190203213416392</RedemptionID>
    <BookID>1</BookID>
    <BookTitle>A Magical Me</BookTitle>
    <StudentID>5</StudentID>
    <StudentName>Dean Thomas</StudentName>
  </Redemptions>
  <Redemptions>
    <RedemptionDate>03/February/2019</RedemptionDate>
    <RedemptionID>20190203215236180</RedemptionID>
    <BookID>9</BookID>
    <BookTitle>Lucky Lycanthropy</BookTitle>
    <StudentID>19</StudentID>
    <StudentName>Gabriel Silvestine</StudentName>
  </Redemptions>
  <Redemptions>
    <RedemptionDate>03/February/2019</RedemptionDate>
    <RedemptionID>20190203222521997</RedemptionID>
    <BookID>3</BookID>
    <BookTitle>Guide to Flying</BookTitle>
    <StudentID>6</StudentID>
    <StudentName>Seamus Finnigan</StudentName>
  </Redemptions>
  <Redemptions>
    <RedemptionDate>17/February/2019</RedemptionDate>
    <RedemptionID>20190217142132615</RedemptionID>
    <BookID>4</BookID>
    <BookTitle>Captivating Cartography</BookTitle>
    <StudentID>11</StudentID>
    <StudentName>Richard Pendragon</StudentName>
  </Redemptions>
  <Redemptions>
    <RedemptionDate>17/February/2019</RedemptionDate>
    <RedemptionID>20190217142410571</RedemptionID>
    <BookID>6</BookID>
    <BookTitle>Simple Sorcery</BookTitle>
    <StudentID>12</StudentID>
    <StudentName>Roger Salazar</StudentName>
  </Redemptions>
  <Redemptions>
    <RedemptionDate>02/March/2019</RedemptionDate>
    <RedemptionID>20190302135749793</RedemptionID>
    <BookID>7</BookID>
    <BookTitle>Mind of the Ministry</BookTitle>
    <StudentID>14</StudentID>
    <StudentName>Charles Walkin</StudentName>
  </Redemptions>
  <Redemptions>
    <RedemptionDate>02/March/2019</RedemptionDate>
    <RedemptionID>20190302151034444</RedemptionID>
    <BookID>5</BookID>
    <BookTitle>Enchanting Charms</BookTitle>
    <StudentID>19</StudentID>
    <StudentName>Stephen Factus</StudentName>
  </Redemptions>
  <Redemptions>
    <RedemptionDate>02/March/2019</RedemptionDate>
    <RedemptionID>20190302162148862</RedemptionID>
    <BookID>18</BookID>
    <BookTitle>Forbidden Forestry</BookTitle>
    <StudentID>23</StudentID>
    <StudentName>Kennedy Fisslebend</StudentName>
  </Redemptions>
  <Redemptions>
    <RedemptionDate>02/March/2019</RedemptionDate>
    <RedemptionID>20190302162151476</RedemptionID>
    <BookID>15</BookID>
    <BookTitle>Sly Spellcraft</BookTitle>
    <StudentID>20</StudentID>
    <StudentName>Ramond Delouis</StudentName>
  </Redemptions>
  <Redemptions>
    <RedemptionDate>02/March/2019</RedemptionDate>
    <RedemptionID>20190302162153733</RedemptionID>
    <BookID>13</BookID>
    <BookTitle>Tome of Transmutation</BookTitle>
    <StudentID>22</StudentID>
    <StudentName>Arnold Vestus</StudentName>
  </Redemptions>
</NewDataSet>