<?xml version="1.0" standalone="yes"?>
<NewDataSet>
  <xs:schema id="NewDataSet" xmlns="" xmlns:xs="http://www.w3.org/2001/XMLSchema" xmlns:msdata="urn:schemas-microsoft-com:xml-msdata">
    <xs:element name="NewDataSet" msdata:IsDataSet="true" msdata:MainDataTable="Student" msdata:UseCurrentLocale="true">
      <xs:complexType>
        <xs:choice minOccurs="0" maxOccurs="unbounded">
          <xs:element name="Student">
            <xs:complexType>
              <xs:sequence>
                <xs:element name="Student_x0020_ID" type="xs:string" minOccurs="0" />
                <xs:element name="First_x0020_Name" type="xs:string" minOccurs="0" />
                <xs:element name="Last_x0020_Name" type="xs:string" minOccurs="0" />
                <xs:element name="School" type="xs:string" minOccurs="0" />
                <xs:element name="Grade" type="xs:string" minOccurs="0" />
                <xs:element name="E-Mail" type="xs:string" minOccurs="0" />
              </xs:sequence>
            </xs:complexType>
          </xs:element>
        </xs:choice>
      </xs:complexType>
    </xs:element>
  </xs:schema>
  <Student>
    <Student_x0020_ID>1</Student_x0020_ID>
    <First_x0020_Name>Harry</First_x0020_Name>
    <Last_x0020_Name>Potter</Last_x0020_Name>
    <School>Hogwarts</School>
    <Grade>1</Grade>
    <E-Mail>Hpotter@wiz.com</E-Mail>
  </Student>
  <Student>
    <Student_x0020_ID>2</Student_x0020_ID>
    <First_x0020_Name>Ron</First_x0020_Name>
    <Last_x0020_Name>Weasley</Last_x0020_Name>
    <School>Hogwarts</School>
    <Grade>1</Grade>
    <E-Mail>Rweasley@wiz.com</E-Mail>
  </Student>
  <Student>
    <Student_x0020_ID>3</Student_x0020_ID>
    <First_x0020_Name>Hermione</First_x0020_Name>
    <Last_x0020_Name>Granger</Last_x0020_Name>
    <School>Hogwarts</School>
    <Grade>1</Grade>
    <E-Mail>Hgranger@wiz.com</E-Mail>
  </Student>
  <Student>
    <Student_x0020_ID>4</Student_x0020_ID>
    <First_x0020_Name>Neville</First_x0020_Name>
    <Last_x0020_Name>Longbottom</Last_x0020_Name>
    <School>Hogwarts</School>
    <Grade>1</Grade>
    <E-Mail>Nlong@wiz.com</E-Mail>
  </Student>
  <Student>
    <Student_x0020_ID>5</Student_x0020_ID>
    <First_x0020_Name>Dean</First_x0020_Name>
    <Last_x0020_Name>Thomas</Last_x0020_Name>
    <School>Hogwarts</School>
    <Grade>1</Grade>
    <E-Mail>Dthomas@wiz.com</E-Mail>
  </Student>
  <Student>
    <Student_x0020_ID>6</Student_x0020_ID>
    <First_x0020_Name>Seamus</First_x0020_Name>
    <Last_x0020_Name>Finnigan</Last_x0020_Name>
    <School>Hogwarts</School>
    <Grade>1</Grade>
    <E-Mail>Sfinnigan@wiz.com</E-Mail>
  </Student>
  <Student>
    <Student_x0020_ID>7</Student_x0020_ID>
    <First_x0020_Name>Tom</First_x0020_Name>
    <Last_x0020_Name>Riddle</Last_x0020_Name>
    <School>Hogwarts</School>
    <Grade>5</Grade>
    <E-Mail>Triddle@wiz.com</E-Mail>
  </Student>
  <Student>
    <Student_x0020_ID>8</Student_x0020_ID>
    <First_x0020_Name>Fred</First_x0020_Name>
    <Last_x0020_Name>Weasley</Last_x0020_Name>
    <School>Hogwarts</School>
    <Grade>3</Grade>
    <E-Mail>Fweasley@wiz.com</E-Mail>
  </Student>
  <Student>
    <Student_x0020_ID>9</Student_x0020_ID>
    <First_x0020_Name>George</First_x0020_Name>
    <Last_x0020_Name>Weasley</Last_x0020_Name>
    <School>Hogwarts</School>
    <Grade>3</Grade>
    <E-Mail>Gweasley@wiz.com</E-Mail>
  </Student>
  <Student>
    <Student_x0020_ID>10</Student_x0020_ID>
    <First_x0020_Name>Draco</First_x0020_Name>
    <Last_x0020_Name>Malfoy</Last_x0020_Name>
    <School>Hogwarts</School>
    <Grade>1</Grade>
    <E-Mail>Dmalfoy@wiz.com</E-Mail>
  </Student>
  <Student>
    <Student_x0020_ID>11</Student_x0020_ID>
    <First_x0020_Name>Richard</First_x0020_Name>
    <Last_x0020_Name>Pendragon</Last_x0020_Name>
    <School>Hogwarts</School>
    <Grade>6</Grade>
    <E-Mail>Rpendragon@Wiz.com</E-Mail>
  </Student>
  <Student>
    <Student_x0020_ID>12</Student_x0020_ID>
    <First_x0020_Name>Roger</First_x0020_Name>
    <Last_x0020_Name>Salazar</Last_x0020_Name>
    <School>Durmstrang</School>
    <Grade>3</Grade>
    <E-Mail>Rsalazar@Wiz.com</E-Mail>
  </Student>
  <Student>
    <Student_x0020_ID>13</Student_x0020_ID>
    <First_x0020_Name>Remus</First_x0020_Name>
    <Last_x0020_Name>Santanis</Last_x0020_Name>
    <School>Castelobruxo</School>
    <Grade>7</Grade>
    <E-Mail>Rsantanis@Wiz.com</E-Mail>
  </Student>
  <Student>
    <Student_x0020_ID>14</Student_x0020_ID>
    <First_x0020_Name>Charles</First_x0020_Name>
    <Last_x0020_Name>Walkin</Last_x0020_Name>
    <School>Hogwarts</School>
    <Grade>2</Grade>
    <E-Mail>Cwalkin@Wiz.com</E-Mail>
  </Student>
  <Student>
    <Student_x0020_ID>15</Student_x0020_ID>
    <First_x0020_Name>Clous</First_x0020_Name>
    <Last_x0020_Name>Rictoso</Last_x0020_Name>
    <School>Mahoutokoro</School>
    <Grade>5</Grade>
    <E-Mail>Crictosos@wiz.com</E-Mail>
  </Student>
  <Student>
    <Student_x0020_ID>16</Student_x0020_ID>
    <First_x0020_Name>Sylvester</First_x0020_Name>
    <Last_x0020_Name>Mintranize</Last_x0020_Name>
    <School>Mahoutokoro</School>
    <Grade>3</Grade>
    <E-Mail>Smintranize@Wiz.com</E-Mail>
  </Student>
  <Student>
    <Student_x0020_ID>17</Student_x0020_ID>
    <First_x0020_Name>Fredrestor</First_x0020_Name>
    <Last_x0020_Name>Milten</Last_x0020_Name>
    <School>Castelobruxo</School>
    <Grade>6</Grade>
    <E-Mail>Fmilten@Wiz.com</E-Mail>
  </Student>
  <Student>
    <Student_x0020_ID>18</Student_x0020_ID>
    <First_x0020_Name>Calicus</First_x0020_Name>
    <Last_x0020_Name>Botenalium</Last_x0020_Name>
    <School>Ilvermorny</School>
    <Grade>4</Grade>
    <E-Mail>Cbotenalium@wiz.com</E-Mail>
  </Student>
  <Student>
    <Student_x0020_ID>19</Student_x0020_ID>
    <First_x0020_Name>Stephen</First_x0020_Name>
    <Last_x0020_Name>Factus</Last_x0020_Name>
    <School>Durmstrang</School>
    <Grade>6</Grade>
    <E-Mail>Sfactus@wiz.com</E-Mail>
  </Student>
  <Student>
    <Student_x0020_ID>20</Student_x0020_ID>
    <First_x0020_Name>Ramond</First_x0020_Name>
    <Last_x0020_Name>Delouis</Last_x0020_Name>
    <School>Koldovstoretz</School>
    <Grade>3</Grade>
    <E-Mail>Rdelouis@wiz.com</E-Mail>
  </Student>
  <Student>
    <Student_x0020_ID>21</Student_x0020_ID>
    <First_x0020_Name>Marigold</First_x0020_Name>
    <Last_x0020_Name>Transnof</Last_x0020_Name>
    <School>Beauxbatons</School>
    <Grade>5</Grade>
    <E-Mail>Mtransnof@wiz.com</E-Mail>
  </Student>
  <Student>
    <Student_x0020_ID>22</Student_x0020_ID>
    <First_x0020_Name>Arnold</First_x0020_Name>
    <Last_x0020_Name>Vestus</Last_x0020_Name>
    <School>Durmstrang</School>
    <Grade>4</Grade>
    <E-Mail>Avestus@wiz.com</E-Mail>
  </Student>
  <Student>
    <Student_x0020_ID>23</Student_x0020_ID>
    <First_x0020_Name>Kennedy</First_x0020_Name>
    <Last_x0020_Name>Fisslebend</Last_x0020_Name>
    <School>Beauxbatons</School>
    <Grade>4</Grade>
    <E-Mail>Kfisslebend@wiz.com</E-Mail>
  </Student>
  <Student>
    <Student_x0020_ID>24</Student_x0020_ID>
    <First_x0020_Name>Timmothy</First_x0020_Name>
    <Last_x0020_Name>Willow</Last_x0020_Name>
    <School>Ilvermorny</School>
    <Grade>5</Grade>
    <E-Mail>Twillow@wiz.com</E-Mail>
  </Student>
</NewDataSet>